Company_name,Website,Sector,Country,Source,Active,No_of_employees
Cloudflare OS,https://www.producthunt.com/r/VYDPLSA7MSOD7N?utm_campaign=producthunt-api&utm_medium=api-v2&utm_source=Application%3A+Company+ETL+%28ID%3A+295560%29,"Open Source, Artificial Intelligence, GitHub, Bots",,Product Hunt,True,
Superlog Responder,https://www.producthunt.com/r/ZQ6HSC2C5GBU6O?utm_campaign=producthunt-api&utm_medium=api-v2&utm_source=Application%3A+Company+ETL+%28ID%3A+295560%29,"Developer Tools, Artificial Intelligence, GitHub",,Product Hunt,True,
AI Spend Console by Rippling,https://www.producthunt.com/r/IOEQDSIXPR4LF4?utm_campaign=producthunt-api&utm_medium=api-v2&utm_source=Application%3A+Company+ETL+%28ID%3A+295560%29,"Artificial Intelligence, Data & Analytics, Finance",,Product Hunt,True,
Muse Code,https://www.producthunt.com/r/MGWDXWVZJGSDPK?utm_campaign=producthunt-api&utm_medium=api-v2&utm_source=Application%3A+Company+ETL+%28ID%3A+295560%29,"Productivity, Developer Tools, Artificial Intelligence",,Product Hunt,True,
Annotate,https://www.producthunt.com/r/5PZ4OYVR3UXAK5?utm_campaign=producthunt-api&utm_medium=api-v2&utm_source=Application%3A+Company+ETL+%28ID%3A+295560%29,"Design Tools, Developer Tools, Artificial Intelligence",,Product Hunt,True,
Website to Markdown API,https://www.producthunt.com/r/HIS6N47NI7HV3D?utm_campaign=producthunt-api&utm_medium=api-v2&utm_source=Application%3A+Company+ETL+%28ID%3A+295560%29,"API, Developer Tools, Data",,Product Hunt,True,
Brandfetch MCP,https://www.producthunt.com/r/VPVX4ZAD5AZKSX?utm_campaign=producthunt-api&utm_medium=api-v2&utm_source=Application%3A+Company+ETL+%28ID%3A+295560%29,"Design Tools, Developer Tools, Artificial Intelligence",,Product Hunt,True,
Channels SDK,https://www.producthunt.com/r/C6K2T3TLWQEOXK?utm_campaign=producthunt-api&utm_medium=api-v2&utm_source=Application%3A+Company+ETL+%28ID%3A+295560%29,"Open Source, Developer Tools, Artificial Intelligence, GitHub",,Product Hunt,True,
Aveiro,https://www.producthunt.com/r/7TLMT5CU74IOS7?utm_campaign=producthunt-api&utm_medium=api-v2&utm_source=Application%3A+Company+ETL+%28ID%3A+295560%29,"Newsletters, Social Media, Website Builder",,Product Hunt,True,
Shieldstral,https://www.producthunt.com/r/E22OXGGVRZ2YPU?utm_campaign=producthunt-api&utm_medium=api-v2&utm_source=Application%3A+Company+ETL+%28ID%3A+295560%29,"Open Source, Artificial Intelligence, Security",,Product Hunt,True,
Ododok,https://www.producthunt.com/r/NRQCV2PBC2P7CR?utm_campaign=producthunt-api&utm_medium=api-v2&utm_source=Application%3A+Company+ETL+%28ID%3A+295560%29,"Health & Fitness, Wearables, Apple",,Product Hunt,True,
Ticketdesk AI,https://www.producthunt.com/r/2BQRRJMFPKC74A?utm_campaign=producthunt-api&utm_medium=api-v2&utm_source=Application%3A+Company+ETL+%28ID%3A+295560%29,"Productivity, Artificial Intelligence, Ticketing",,Product Hunt,True,
hey postcard - digital postcards,https://www.producthunt.com/r/2PHH7AYAXTGVTR?utm_campaign=producthunt-api&utm_medium=api-v2&utm_source=Application%3A+Company+ETL+%28ID%3A+295560%29,"iOS, Messaging, Social Networking",,Product Hunt,True,
Chute,https://www.producthunt.com/r/IBQ5MU64GQ5IRF?utm_campaign=producthunt-api&utm_medium=api-v2&utm_source=Application%3A+Company+ETL+%28ID%3A+295560%29,"Mac, Productivity, Menu Bar Apps",,Product Hunt,True,
Glyphi: Speed Reader,https://www.producthunt.com/r/DNAEYVOOKME2R5?utm_campaign=producthunt-api&utm_medium=api-v2&utm_source=Application%3A+Company+ETL+%28ID%3A+295560%29,"Productivity, Education, Books",,Product Hunt,True,
UCP Radar,https://www.producthunt.com/r/N2JQBJBTPQ7TUB?utm_campaign=producthunt-api&utm_medium=api-v2&utm_source=Application%3A+Company+ETL+%28ID%3A+295560%29,"Artificial Intelligence, E-Commerce, Marketing automation",,Product Hunt,True,
Token Harbor,https://www.producthunt.com/r/PD5LP7BT5NHRLY?utm_campaign=producthunt-api&utm_medium=api-v2&utm_source=Application%3A+Company+ETL+%28ID%3A+295560%29,"Productivity, API, Developer Tools",,Product Hunt,True,
Gesture Synth School,https://www.producthunt.com/r/Y3BGKIWRXJJQZY?utm_campaign=producthunt-api&utm_medium=api-v2&utm_source=Application%3A+Company+ETL+%28ID%3A+295560%29,"Music, Education, Games",,Product Hunt,True,
Superbrain For macOS,https://www.producthunt.com/r/FWPFFZOD3BNNT3?utm_campaign=producthunt-api&utm_medium=api-v2&utm_source=Application%3A+Company+ETL+%28ID%3A+295560%29,"Developer Tools, Artificial Intelligence, Tech",,Product Hunt,True,
producTinder,https://www.producthunt.com/r/OPII3ABGZMDTQ5?utm_campaign=producthunt-api&utm_medium=api-v2&utm_source=Application%3A+Company+ETL+%28ID%3A+295560%29,"Marketing, Growth Hacking, Social Networking",,Product Hunt,True,
SerpRankings,https://www.producthunt.com/r/2ONLBWRGUG5S3B?utm_campaign=producthunt-api&utm_medium=api-v2&utm_source=Application%3A+Company+ETL+%28ID%3A+295560%29,"Marketing, SEO, Artificial Intelligence",,Product Hunt,True,
PixlQR,https://www.producthunt.com/r/XMS5FIMEH6YXQO?utm_campaign=producthunt-api&utm_medium=api-v2&utm_source=Application%3A+Company+ETL+%28ID%3A+295560%29,"Analytics, Marketing, SaaS",,Product Hunt,True,
Salestrics MCP,https://www.producthunt.com/r/WAW63FIHV27IIN?utm_campaign=producthunt-api&utm_medium=api-v2&utm_source=Application%3A+Company+ETL+%28ID%3A+295560%29,"API, Artificial Intelligence, CRM",,Product Hunt,True,
Pangea - Summer 2026 Release,https://www.producthunt.com/r/RPWN75BTILD7OW?utm_campaign=producthunt-api&utm_medium=api-v2&utm_source=Application%3A+Company+ETL+%28ID%3A+295560%29,"Social Network, Travel, Community",,Product Hunt,True,
Big Moments Company,https://www.producthunt.com/r/IQ6F5ROHDURCAX?utm_campaign=producthunt-api&utm_medium=api-v2&utm_source=Application%3A+Company+ETL+%28ID%3A+295560%29,"Android, Productivity, Events, Dating",,Product Hunt,True,
Superbrain,https://www.producthunt.com/r/UWYR7VVLA5CLTB?utm_campaign=producthunt-api&utm_medium=api-v2&utm_source=Application%3A+Company+ETL+%28ID%3A+295560%29,"Developer Tools, Artificial Intelligence, Tech",,Product Hunt,True,
PrismPoster,https://www.producthunt.com/r/N3WNE6EAK7QRZY?utm_campaign=producthunt-api&utm_medium=api-v2&utm_source=Application%3A+Company+ETL+%28ID%3A+295560%29,"Music, Artificial Intelligence, Photo & Video",,Product Hunt,True,
TestPact,https://www.producthunt.com/r/35AUMSD4O4S32T?utm_campaign=producthunt-api&utm_medium=api-v2&utm_source=Application%3A+Company+ETL+%28ID%3A+295560%29,"Android, Developer Tools, Community",,Product Hunt,True,
ToolVerse,https://www.producthunt.com/r/VRK4N4XPMAKWIF?utm_campaign=producthunt-api&utm_medium=api-v2&utm_source=Application%3A+Company+ETL+%28ID%3A+295560%29,SEO,,Product Hunt,True,
API Watermark,https://www.producthunt.com/r/UMVS3JETXXOHBS?utm_campaign=producthunt-api&utm_medium=api-v2&utm_source=Application%3A+Company+ETL+%28ID%3A+295560%29,"Design Tools, API, Artificial Intelligence",,Product Hunt,True,
Optifeed Radar,https://www.producthunt.com/r/JGZEYZD62MGGEE?utm_campaign=producthunt-api&utm_medium=api-v2&utm_source=Application%3A+Company+ETL+%28ID%3A+295560%29,"Open Source, Marketing, Artificial Intelligence, GitHub",,Product Hunt,True,
AI Glot 2.0,https://www.producthunt.com/r/XFYIZ5YCKWHWQE?utm_campaign=producthunt-api&utm_medium=api-v2&utm_source=Application%3A+Company+ETL+%28ID%3A+295560%29,"Productivity, Marketing, E-Commerce",,Product Hunt,True,
RE/UGC,https://www.producthunt.com/r/E5KDZZRCX5RVU2?utm_campaign=producthunt-api&utm_medium=api-v2&utm_source=Application%3A+Company+ETL+%28ID%3A+295560%29,"Social Media, Marketing, Advertising",,Product Hunt,True,
DataGrout Math,https://www.producthunt.com/r/5OIENPTMBC5T3Z?utm_campaign=producthunt-api&utm_medium=api-v2&utm_source=Application%3A+Company+ETL+%28ID%3A+295560%29,"Productivity, Developer Tools, Artificial Intelligence",,Product Hunt,True,
Eventrise,https://www.producthunt.com/r/BTLCFKNHJJGYFC?utm_campaign=producthunt-api&utm_medium=api-v2&utm_source=Application%3A+Company+ETL+%28ID%3A+295560%29,"Events, SaaS, Artificial Intelligence",,Product Hunt,True,
Polyfork,https://www.producthunt.com/r/7QATEXTF5QT7VB?utm_campaign=producthunt-api&utm_medium=api-v2&utm_source=Application%3A+Company+ETL+%28ID%3A+295560%29,"Design Tools, Developer Tools, 3D Modeling",,Product Hunt,True,
Dexil,https://www.producthunt.com/r/XG5M5ZIQE6MEKF?utm_campaign=producthunt-api&utm_medium=api-v2&utm_source=Application%3A+Company+ETL+%28ID%3A+295560%29,"Productivity, Artificial Intelligence, Business Intelligence",,Product Hunt,True,
Capd,https://www.producthunt.com/r/MQYJVSG33MT5RC?utm_campaign=producthunt-api&utm_medium=api-v2&utm_source=Application%3A+Company+ETL+%28ID%3A+295560%29,"Mac, Productivity, Open Source, GitHub",,Product Hunt,True,
gluestack-ui pro,https://www.producthunt.com/r/QWAXLYFU2D3L5M?utm_campaign=producthunt-api&utm_medium=api-v2&utm_source=Application%3A+Company+ETL+%28ID%3A+295560%29,"iOS, Software Engineering, Developer Tools",,Product Hunt,True,
Stork Wire,https://www.producthunt.com/r/T6Q4CVD2TMG23S?utm_campaign=producthunt-api&utm_medium=api-v2&utm_source=Application%3A+Company+ETL+%28ID%3A+295560%29,"SEO, Growth Hacks , Marketing automation",,Product Hunt,True,
Row.so,https://www.producthunt.com/r/EKDN2LT4WBDIGN?utm_campaign=producthunt-api&utm_medium=api-v2&utm_source=Application%3A+Company+ETL+%28ID%3A+295560%29,"Design Tools, Website Builder, No-Code",,Product Hunt,True,
Coach Amp,https://www.producthunt.com/r/LB3DVVTGZPFKNE?utm_campaign=producthunt-api&utm_medium=api-v2&utm_source=Application%3A+Company+ETL+%28ID%3A+295560%29,"Health & Fitness, Education, SaaS",,Product Hunt,True,
GoToApp,https://www.producthunt.com/r/5JDLVAZFFJHC7B?utm_campaign=producthunt-api&utm_medium=api-v2&utm_source=Application%3A+Company+ETL+%28ID%3A+295560%29,"iOS, Marketing, Growth Hacking",,Product Hunt,True,
Test Rice Purity,https://www.producthunt.com/r/RRTNZI56M2IN2I?utm_campaign=producthunt-api&utm_medium=api-v2&utm_source=Application%3A+Company+ETL+%28ID%3A+295560%29,Anonymous,,Product Hunt,True,
Now on iOS and Android!!!!,https://www.producthunt.com/r/T2MUYK4SQGVLT2?utm_campaign=producthunt-api&utm_medium=api-v2&utm_source=Application%3A+Company+ETL+%28ID%3A+295560%29,"iOS, Health & Fitness, Artificial Intelligence",,Product Hunt,True,
Moya Health,https://www.producthunt.com/r/5CCZI3M7LGWKIX?utm_campaign=producthunt-api&utm_medium=api-v2&utm_source=Application%3A+Company+ETL+%28ID%3A+295560%29,"Health & Fitness, Quantified Self, Health",,Product Hunt,True,
Mastericons,https://www.producthunt.com/r/NKTC5S6UBWV5R7?utm_campaign=producthunt-api&utm_medium=api-v2&utm_source=Application%3A+Company+ETL+%28ID%3A+295560%29,"Design Tools, Icons, Developer Tools",,Product Hunt,True,
Expired GMB Domains,https://www.producthunt.com/r/32H3DLUFPPA3YA?utm_campaign=producthunt-api&utm_medium=api-v2&utm_source=Application%3A+Company+ETL+%28ID%3A+295560%29,"Marketing, SEO, Search",,Product Hunt,True,
Roversia,https://www.producthunt.com/r/HER45A7MPJJS77?utm_campaign=producthunt-api&utm_medium=api-v2&utm_source=Application%3A+Company+ETL+%28ID%3A+295560%29,"Web App, Productivity, Developer Tools",,Product Hunt,True,
Kavela,https://www.producthunt.com/r/LVBOT57FBJNYRM?utm_campaign=producthunt-api&utm_medium=api-v2&utm_source=Application%3A+Company+ETL+%28ID%3A+295560%29,"Design Tools, Artificial Intelligence, Tech",,Product Hunt,True,
Curvit,https://www.producthunt.com/r/7PCKWK7ZLLXQ5F?utm_campaign=producthunt-api&utm_medium=api-v2&utm_source=Application%3A+Company+ETL+%28ID%3A+295560%29,"Productivity, Artificial Intelligence, Career",,Product Hunt,True,
diagram.now,https://www.producthunt.com/r/2BAPQKNHMUQTC2?utm_campaign=producthunt-api&utm_medium=api-v2&utm_source=Application%3A+Company+ETL+%28ID%3A+295560%29,"Design Tools, Productivity, Developer Tools",,Product Hunt,True,
GetsFlow,https://www.producthunt.com/r/SSMVYNLRSBEVAQ?utm_campaign=producthunt-api&utm_medium=api-v2&utm_source=Application%3A+Company+ETL+%28ID%3A+295560%29,"SaaS, Developer Tools, Artificial Intelligence",,Product Hunt,True,
çetele,https://www.producthunt.com/r/RJG6QFAQMRQPVT?utm_campaign=producthunt-api&utm_medium=api-v2&utm_source=Application%3A+Company+ETL+%28ID%3A+295560%29,"Productivity, Notes, GitHub, Accounting",,Product Hunt,True,
Mozzy,https://www.producthunt.com/r/VAA22ZBDN6SDW3?utm_campaign=producthunt-api&utm_medium=api-v2&utm_source=Application%3A+Company+ETL+%28ID%3A+295560%29,"Artificial Intelligence, Shopping, Social Networking",,Product Hunt,True,
Sticklly,https://www.producthunt.com/r/EJC2HVGTCKJZRP?utm_campaign=producthunt-api&utm_medium=api-v2&utm_source=Application%3A+Company+ETL+%28ID%3A+295560%29,"Design Tools, Productivity, Notes",,Product Hunt,True,
Matteshot,https://www.producthunt.com/r/IUOU4BV7ZLSDUS?utm_campaign=producthunt-api&utm_medium=api-v2&utm_source=Application%3A+Company+ETL+%28ID%3A+295560%29,"Windows, Design Tools, Productivity",,Product Hunt,True,
Alphid AI,https://www.producthunt.com/r/3QIUP4INXBAG6O?utm_campaign=producthunt-api&utm_medium=api-v2&utm_source=Application%3A+Company+ETL+%28ID%3A+295560%29,"Fintech, Investing, Crypto",,Product Hunt,True,
Déjà View,https://www.producthunt.com/r/RDS4VINTSI37N4?utm_campaign=producthunt-api&utm_medium=api-v2&utm_source=Application%3A+Company+ETL+%28ID%3A+295560%29,"Marketing, Artificial Intelligence, Startup Lessons",,Product Hunt,True,
Obsidian Treasury — Executive Dashboard,https://www.producthunt.com/r/WX27KTC7W3OSKJ?utm_campaign=producthunt-api&utm_medium=api-v2&utm_source=Application%3A+Company+ETL+%28ID%3A+295560%29,"Productivity, Fintech, SaaS",,Product Hunt,True,
Advanced Cookie Manager,https://www.producthunt.com/r/ENQFFUCN36NZME?utm_campaign=producthunt-api&utm_medium=api-v2&utm_source=Application%3A+Company+ETL+%28ID%3A+295560%29,"Chrome Extensions, Productivity, User Experience, Privacy, GitHub",,Product Hunt,True,
tab.,https://www.producthunt.com/r/OKGJXDP2FQSQTU?utm_campaign=producthunt-api&utm_medium=api-v2&utm_source=Application%3A+Company+ETL+%28ID%3A+295560%29,"Design Tools, Productivity, Marketing",,Product Hunt,True,
DaitaFix,https://www.producthunt.com/r/QJ25SHUF4WGE7Z?utm_campaign=producthunt-api&utm_medium=api-v2&utm_source=Application%3A+Company+ETL+%28ID%3A+295560%29,"Analytics, SEO, E-Commerce",,Product Hunt,True,
Quantum AI,https://www.producthunt.com/r/RQXBOV73KFZYIK?utm_campaign=producthunt-api&utm_medium=api-v2&utm_source=Application%3A+Company+ETL+%28ID%3A+295560%29,"Fintech, Marketing, Investing",,Product Hunt,True,
Ryan Lenk,https://www.producthunt.com/r/AITREDJ7MMI6LF?utm_campaign=producthunt-api&utm_medium=api-v2&utm_source=Application%3A+Company+ETL+%28ID%3A+295560%29,"Productivity, Marketing, SEO, GitHub, YouTube",,Product Hunt,True,
ModelSaid,https://www.producthunt.com/r/FKWCQJPIJAXAKB?utm_campaign=producthunt-api&utm_medium=api-v2&utm_source=Application%3A+Company+ETL+%28ID%3A+295560%29,"Marketing, SEO, Artificial Intelligence",,Product Hunt,True,
Mr Wallet – Budget & Finance Management,https://www.producthunt.com/r/OHDI5AAYTL4OHH?utm_campaign=producthunt-api&utm_medium=api-v2&utm_source=Application%3A+Company+ETL+%28ID%3A+295560%29,"Productivity, GitHub, Personal Finance",,Product Hunt,True,
LikeSpaces,https://www.producthunt.com/r/F6G5JXNVCXD22D?utm_campaign=producthunt-api&utm_medium=api-v2&utm_source=Application%3A+Company+ETL+%28ID%3A+295560%29,"Events, Travel, Photography",,Product Hunt,True,
WeeList ,https://www.producthunt.com/r/53BA2ZL4B2KJGR?utm_campaign=producthunt-api&utm_medium=api-v2&utm_source=Application%3A+Company+ETL+%28ID%3A+295560%29,"Android, Productivity, Task Management",,Product Hunt,True,
NEBU,https://www.producthunt.com/r/CMLQL37VHKLQ4U?utm_campaign=producthunt-api&utm_medium=api-v2&utm_source=Application%3A+Company+ETL+%28ID%3A+295560%29,"Kids, Diversity & Inclusion, Toys",,Product Hunt,True,
Pinit — Never lose a great spot again,https://www.producthunt.com/r/OANQOBQWOS5EOA?utm_campaign=producthunt-api&utm_medium=api-v2&utm_source=Application%3A+Company+ETL+%28ID%3A+295560%29,"Android, iOS, Travel",,Product Hunt,True,
Receipts2sheets App,https://www.producthunt.com/r/RWFE2Z2QECYYNK?utm_campaign=producthunt-api&utm_medium=api-v2&utm_source=Application%3A+Company+ETL+%28ID%3A+295560%29,"Spreadsheets, SaaS, Business",,Product Hunt,True,
Snapic,https://www.producthunt.com/r/NVQJ6TG5KI3YA4?utm_campaign=producthunt-api&utm_medium=api-v2&utm_source=Application%3A+Company+ETL+%28ID%3A+295560%29,"Android, Education, Languages",,Product Hunt,True,
ClientFileFlow,https://www.producthunt.com/r/ZRZED3DBY66LOE?utm_campaign=producthunt-api&utm_medium=api-v2&utm_source=Application%3A+Company+ETL+%28ID%3A+295560%29,Accounting,,Product Hunt,True,
GreenOps Scan,https://www.producthunt.com/r/63R7BEUMONVXE6?utm_campaign=producthunt-api&utm_medium=api-v2&utm_source=Application%3A+Company+ETL+%28ID%3A+295560%29,"SaaS, Developer Tools, Social Impact",,Product Hunt,True,
Campix,https://www.producthunt.com/r/WQ6EPKYNRUHLQO?utm_campaign=producthunt-api&utm_medium=api-v2&utm_source=Application%3A+Company+ETL+%28ID%3A+295560%29,"Parenting, Education, SaaS",,Product Hunt,True,
WorkWay,https://www.producthunt.com/r/O4B576XGK4P7QE?utm_campaign=producthunt-api&utm_medium=api-v2&utm_source=Application%3A+Company+ETL+%28ID%3A+295560%29,Career,,Product Hunt,True,
DataLabs.Store for HubSpot,https://www.producthunt.com/r/YWGD3X2ZJDCXZ2?utm_campaign=producthunt-api&utm_medium=api-v2&utm_source=Application%3A+Company+ETL+%28ID%3A+295560%29,"Sales, Marketing, CRM",,Product Hunt,True,
Habit Tracker - Us+,https://www.producthunt.com/r/CVHQUVB6LNW6VK?utm_campaign=producthunt-api&utm_medium=api-v2&utm_source=Application%3A+Company+ETL+%28ID%3A+295560%29,"Android, Productivity, Lifestyle",,Product Hunt,True,
OmegaGPT,https://www.producthunt.com/r/M4KRE2U2NFT7PA?utm_campaign=producthunt-api&utm_medium=api-v2&utm_source=Application%3A+Company+ETL+%28ID%3A+295560%29,"Productivity, Privacy, Artificial Intelligence",,Product Hunt,True,
Aroha Astrology,https://www.producthunt.com/r/WWEYRMXEOYOEU3?utm_campaign=producthunt-api&utm_medium=api-v2&utm_source=Application%3A+Company+ETL+%28ID%3A+295560%29,"Android, Artificial Intelligence, Lifestyle, Spirituality",,Product Hunt,True,
SupDesk,https://www.producthunt.com/r/66AO22TJCQ3WKW?utm_campaign=producthunt-api&utm_medium=api-v2&utm_source=Application%3A+Company+ETL+%28ID%3A+295560%29,"Artificial Intelligence, Tech, CRM",,Product Hunt,True,
Rechner Zentrale,https://www.producthunt.com/r/WN3PAVY7DE7DNN?utm_campaign=producthunt-api&utm_medium=api-v2&utm_source=Application%3A+Company+ETL+%28ID%3A+295560%29,"Android, Productivity, Privacy, Finance",,Product Hunt,True,
Fetchy: AI Usage Menu Bar,https://www.producthunt.com/r/CAZNVTEV6FCWYE?utm_campaign=producthunt-api&utm_medium=api-v2&utm_source=Application%3A+Company+ETL+%28ID%3A+295560%29,"Productivity, Developer Tools, Menu Bar Apps",,Product Hunt,True,
Wonk,https://www.producthunt.com/r/MTVXH5Y7THWJHZ?utm_campaign=producthunt-api&utm_medium=api-v2&utm_source=Application%3A+Company+ETL+%28ID%3A+295560%29,"Design Tools, Developer Tools, Artificial Intelligence",,Product Hunt,True,
AnyProxy,https://www.producthunt.com/r/EXXDXZC6FUKEXJ?utm_campaign=producthunt-api&utm_medium=api-v2&utm_source=Application%3A+Company+ETL+%28ID%3A+295560%29,"Web App, Privacy, GitHub, VPN",,Product Hunt,True,
Recip: Recipe Keeper and Meal Planner,https://www.producthunt.com/r/MAHDJJIW4ILAGV?utm_campaign=producthunt-api&utm_medium=api-v2&utm_source=Application%3A+Company+ETL+%28ID%3A+295560%29,"Cookbooks, Cooking, Artificial Intelligence",,Product Hunt,True,
LayerBack,https://www.producthunt.com/r/XJJFABZKWZLBQJ?utm_campaign=producthunt-api&utm_medium=api-v2&utm_source=Application%3A+Company+ETL+%28ID%3A+295560%29,"Design Tools, Artificial Intelligence",,Product Hunt,True,
Folium,https://www.producthunt.com/r/GCIX6JNEYVW6C4?utm_campaign=producthunt-api&utm_medium=api-v2&utm_source=Application%3A+Company+ETL+%28ID%3A+295560%29,"Design Tools, Productivity, Career",,Product Hunt,True,
CertSharp,https://www.producthunt.com/r/QXVYEBNT4RGEXO?utm_campaign=producthunt-api&utm_medium=api-v2&utm_source=Application%3A+Company+ETL+%28ID%3A+295560%29,"Education, Online Learning",,Product Hunt,True,
Gravitre,https://www.producthunt.com/r/BEXWG26T33DT4T?utm_campaign=producthunt-api&utm_medium=api-v2&utm_source=Application%3A+Company+ETL+%28ID%3A+295560%29,"SaaS, Artificial Intelligence, Tech",,Product Hunt,True,
Monet,https://www.producthunt.com/r/EX5F3VGLGTQP54?utm_campaign=producthunt-api&utm_medium=api-v2&utm_source=Application%3A+Company+ETL+%28ID%3A+295560%29,"Android, Fintech, Payments, Money",,Product Hunt,True,
FreeQuantumComputing,https://www.producthunt.com/r/LDXFR37CHC2ACN?utm_campaign=producthunt-api&utm_medium=api-v2&utm_source=Application%3A+Company+ETL+%28ID%3A+295560%29,"News, Hardware, Education",,Product Hunt,True,
Netforge,https://www.producthunt.com/r/JN63GYNQLH2LQX?utm_campaign=producthunt-api&utm_medium=api-v2&utm_source=Application%3A+Company+ETL+%28ID%3A+295560%29,"Linux, Windows, Mac",,Product Hunt,True,
Apex Midnight,https://www.producthunt.com/r/F2N5OIMVGGPJPI?utm_campaign=producthunt-api&utm_medium=api-v2&utm_source=Application%3A+Company+ETL+%28ID%3A+295560%29,"Web App, Games, Entertainment",,Product Hunt,True,
Kids World Chase,https://www.producthunt.com/r/5TQRNASCMPV73Q?utm_campaign=producthunt-api&utm_medium=api-v2&utm_source=Application%3A+Company+ETL+%28ID%3A+295560%29,"Education, Kids & Parenting",,Product Hunt,True,
mynoted,https://www.producthunt.com/r/U46SA4WJ7ODWLH?utm_campaign=producthunt-api&utm_medium=api-v2&utm_source=Application%3A+Company+ETL+%28ID%3A+295560%29,"Hiring, Artificial Intelligence, Tech",,Product Hunt,True,
StayTrue,https://www.producthunt.com/r/6NSL5PHICB5MOW?utm_campaign=producthunt-api&utm_medium=api-v2&utm_source=Application%3A+Company+ETL+%28ID%3A+295560%29,"Productivity, Travel, Vacation",,Product Hunt,True,
JuiceMantics,https://www.producthunt.com/r/DRNHCZRQNSSTCB?utm_campaign=producthunt-api&utm_medium=api-v2&utm_source=Application%3A+Company+ETL+%28ID%3A+295560%29,"Productivity, Artificial Intelligence, E-Commerce",,Product Hunt,True,
CFO Signal Desk,https://www.producthunt.com/r/J5IVHNOK4XC4GS?utm_campaign=producthunt-api&utm_medium=api-v2&utm_source=Application%3A+Company+ETL+%28ID%3A+295560%29,"Productivity, Artificial Intelligence, GitHub, YouTube, Finance",,Product Hunt,True,
JuiceMantics,https://www.producthunt.com/r/DRNHCZRQNSSTCB?utm_campaign=producthunt-api&utm_medium=api-v2&utm_source=Application%3A+Company+ETL+%28ID%3A+295560%29,"Productivity, Artificial Intelligence, E-Commerce",,Product Hunt,True,
StayTrue,https://www.producthunt.com/r/6NSL5PHICB5MOW?utm_campaign=producthunt-api&utm_medium=api-v2&utm_source=Application%3A+Company+ETL+%28ID%3A+295560%29,"Productivity, Travel, Vacation",,Product Hunt,True,
Will Codex Reset,https://www.producthunt.com/r/CWUVPID7SAQ3QM?utm_campaign=producthunt-api&utm_medium=api-v2&utm_source=Application%3A+Company+ETL+%28ID%3A+295560%29,"Productivity, Developer Tools, Artificial Intelligence",,Product Hunt,True,
PrintMyTree — Family Tree Posters ,https://www.producthunt.com/r/GMSKA6ENJGQI2E?utm_campaign=producthunt-api&utm_medium=api-v2&utm_source=Application%3A+Company+ETL+%28ID%3A+295560%29,"Design Tools, Art, Printing",,Product Hunt,True,
NoRespawn,https://www.producthunt.com/r/TCOZIFPJZMKNCK?utm_campaign=producthunt-api&utm_medium=api-v2&utm_source=Application%3A+Company+ETL+%28ID%3A+295560%29,"Games, Social Networking, Community",,Product Hunt,True,
Visk,https://www.producthunt.com/r/TYZSM4JYMRJBOE?utm_campaign=producthunt-api&utm_medium=api-v2&utm_source=Application%3A+Company+ETL+%28ID%3A+295560%29,"Design Tools, Productivity, Artificial Intelligence",,Product Hunt,True,
Folde,https://www.producthunt.com/r/QW37NQQBW3OU33?utm_campaign=producthunt-api&utm_medium=api-v2&utm_source=Application%3A+Company+ETL+%28ID%3A+295560%29,"iOS, Apple Watch, Productivity",,Product Hunt,True,
PDF Raven,https://www.producthunt.com/r/AUEKB3NBGFIGWI?utm_campaign=producthunt-api&utm_medium=api-v2&utm_source=Application%3A+Company+ETL+%28ID%3A+295560%29,"Design Tools, Accessories, Developer Tools",,Product Hunt,True,
ClipHit,https://www.producthunt.com/r/4XZ6RZS76XIE7B?utm_campaign=producthunt-api&utm_medium=api-v2&utm_source=Application%3A+Company+ETL+%28ID%3A+295560%29,"Artificial Intelligence, Social media marketing, Video",,Product Hunt,True,
Tinta Voice,https://www.producthunt.com/r/O5WLVY43ZNUSSC?utm_campaign=producthunt-api&utm_medium=api-v2&utm_source=Application%3A+Company+ETL+%28ID%3A+295560%29,"Productivity, Writing, Artificial Intelligence",,Product Hunt,True,
SerpTune,https://www.producthunt.com/r/3S77ZKFMSSC52F?utm_campaign=producthunt-api&utm_medium=api-v2&utm_source=Application%3A+Company+ETL+%28ID%3A+295560%29,"SEO, Artificial Intelligence",,Product Hunt,True,
ChangeXStartup,https://www.producthunt.com/r/MUQAMV7E27I4AZ?utm_campaign=producthunt-api&utm_medium=api-v2&utm_source=Application%3A+Company+ETL+%28ID%3A+295560%29,"Hiring, Startup Lessons, Career",,Product Hunt,True,
FlowSim,https://www.producthunt.com/r/H4PT5S3FLOQBPX?utm_campaign=producthunt-api&utm_medium=api-v2&utm_source=Application%3A+Company+ETL+%28ID%3A+295560%29,"Chrome Extensions, Design Tools, Productivity, SaaS",,Product Hunt,True,
Moatify,https://www.producthunt.com/r/P3PF2C66YMBK3I?utm_campaign=producthunt-api&utm_medium=api-v2&utm_source=Application%3A+Company+ETL+%28ID%3A+295560%29,"Email, Sales, Marketing",,Product Hunt,True,
visualOS,https://www.producthunt.com/r/A7WWCZIC43JLUH?utm_campaign=producthunt-api&utm_medium=api-v2&utm_source=Application%3A+Company+ETL+%28ID%3A+295560%29,"Productivity, Notes, Design resources",,Product Hunt,True,
Chasa – AI Invoice Follow‑Ups  ,https://www.producthunt.com/r/OR35UPDG7QR6D4?utm_campaign=producthunt-api&utm_medium=api-v2&utm_source=Application%3A+Company+ETL+%28ID%3A+295560%29,"Productivity, Fintech, Artificial Intelligence",,Product Hunt,True,
Thrum,https://www.producthunt.com/r/6CDLSXT4G3NQ6L?utm_campaign=producthunt-api&utm_medium=api-v2&utm_source=Application%3A+Company+ETL+%28ID%3A+295560%29,"User Experience, Meetings",,Product Hunt,True,
4DNA (Access to your body software),https://www.producthunt.com/r/S34322CZHWL7A5?utm_campaign=producthunt-api&utm_medium=api-v2&utm_source=Application%3A+Company+ETL+%28ID%3A+295560%29,"Health & Fitness, Biohacking, Health",,Product Hunt,True,
Privasee,https://www.producthunt.com/r/JBQZCXTESPQ45V?utm_campaign=producthunt-api&utm_medium=api-v2&utm_source=Application%3A+Company+ETL+%28ID%3A+295560%29,"Chrome Extensions, SaaS, Privacy, Artificial Intelligence",,Product Hunt,True,
WefixSound,https://www.producthunt.com/r/BMWHMW7SETZ6A5?utm_campaign=producthunt-api&utm_medium=api-v2&utm_source=Application%3A+Company+ETL+%28ID%3A+295560%29,"Music, Social Media, Audio",,Product Hunt,True,
ChangeXStartup,https://www.producthunt.com/r/MUQAMV7E27I4AZ?utm_campaign=producthunt-api&utm_medium=api-v2&utm_source=Application%3A+Company+ETL+%28ID%3A+295560%29,"Hiring, Startup Lessons, Career",,Product Hunt,True,
STLFiles,https://www.producthunt.com/r/FMVNBAXZYXAQN3?utm_campaign=producthunt-api&utm_medium=api-v2&utm_source=Application%3A+Company+ETL+%28ID%3A+295560%29,"3D Printer, 3D Modeling",,Product Hunt,True,
LeadForge,https://www.producthunt.com/r/GADXYVBBKI5CFS?utm_campaign=producthunt-api&utm_medium=api-v2&utm_source=Application%3A+Company+ETL+%28ID%3A+295560%29,"Sales, Marketing, Artificial Intelligence",,Product Hunt,True,
BRSV DESIGN,https://www.producthunt.com/r/TFN2BHWA7KIJZP?utm_campaign=producthunt-api&utm_medium=api-v2&utm_source=Application%3A+Company+ETL+%28ID%3A+295560%29,"Design Tools, Graphic Design, Web Design",,Product Hunt,True,
Moatify,https://www.producthunt.com/r/P3PF2C66YMBK3I?utm_campaign=producthunt-api&utm_medium=api-v2&utm_source=Application%3A+Company+ETL+%28ID%3A+295560%29,"Email, Sales, Marketing",,Product Hunt,True,
HeronSignal,https://www.producthunt.com/r/LNUC63JLKMNWQR?utm_campaign=producthunt-api&utm_medium=api-v2&utm_source=Application%3A+Company+ETL+%28ID%3A+295560%29,"Analytics, Developer Tools, Artificial Intelligence",,Product Hunt,True,
visualOS,https://www.producthunt.com/r/A7WWCZIC43JLUH?utm_campaign=producthunt-api&utm_medium=api-v2&utm_source=Application%3A+Company+ETL+%28ID%3A+295560%29,"Productivity, Notes, Design resources",,Product Hunt,True,
Thrum,https://www.producthunt.com/r/6CDLSXT4G3NQ6L?utm_campaign=producthunt-api&utm_medium=api-v2&utm_source=Application%3A+Company+ETL+%28ID%3A+295560%29,"User Experience, Meetings",,Product Hunt,True,
Privasee,https://www.producthunt.com/r/JBQZCXTESPQ45V?utm_campaign=producthunt-api&utm_medium=api-v2&utm_source=Application%3A+Company+ETL+%28ID%3A+295560%29,"Chrome Extensions, SaaS, Privacy, Artificial Intelligence",,Product Hunt,True,
OnTrack,https://www.producthunt.com/r/Q2BD3NMACISEIF?utm_campaign=producthunt-api&utm_medium=api-v2&utm_source=Application%3A+Company+ETL+%28ID%3A+295560%29,"Productivity, Task Management",,Product Hunt,True,
MenuBloom,https://www.producthunt.com/r/S2JOAIZ6FSVP4P?utm_campaign=producthunt-api&utm_medium=api-v2&utm_source=Application%3A+Company+ETL+%28ID%3A+295560%29,"Artificial Intelligence, Food & Drink, Photo editing",,Product Hunt,True,
Akintu,https://www.producthunt.com/r/YLZV55MOZO4NXO?utm_campaign=producthunt-api&utm_medium=api-v2&utm_source=Application%3A+Company+ETL+%28ID%3A+295560%29,"Customer Success, Sales, Artificial Intelligence",,Product Hunt,True,
Agentic Vnus,https://www.producthunt.com/r/4A7V7BFLCZPJHK?utm_campaign=producthunt-api&utm_medium=api-v2&utm_source=Application%3A+Company+ETL+%28ID%3A+295560%29,"Productivity, SaaS, Artificial Intelligence",,Product Hunt,True,
ScolioEx,https://www.producthunt.com/r/ZKIUGHZ6IHJSDR?utm_campaign=producthunt-api&utm_medium=api-v2&utm_source=Application%3A+Company+ETL+%28ID%3A+295560%29,"iOS, Mac, Health & Fitness, Amazon",,Product Hunt,True,
Latch,https://www.producthunt.com/r/VIZOVHD5A6AABI?utm_campaign=producthunt-api&utm_medium=api-v2&utm_source=Application%3A+Company+ETL+%28ID%3A+295560%29,"Productivity, Menu Bar Apps, Tech",,Product Hunt,True,
hagane.works,https://www.producthunt.com/r/J5JCUCYJTGEFWE?utm_campaign=producthunt-api&utm_medium=api-v2&utm_source=Application%3A+Company+ETL+%28ID%3A+295560%29,"Design Tools, Artificial Intelligence, GitHub, Games",,Product Hunt,True,
calcdaystime.com,https://www.producthunt.com/r/5W7QVQM3M756TI?utm_campaign=producthunt-api&utm_medium=api-v2&utm_source=Application%3A+Company+ETL+%28ID%3A+295560%29,"Productivity, Education, Time Tracking",,Product Hunt,True,
Kokomokojoko,https://www.producthunt.com/r/CIWDTRWVCFEXHI?utm_campaign=producthunt-api&utm_medium=api-v2&utm_source=Application%3A+Company+ETL+%28ID%3A+295560%29,"Writing, Education",,Product Hunt,True,
Wavefield Research,https://www.producthunt.com/r/ZKLW4FJK22GHPI?utm_campaign=producthunt-api&utm_medium=api-v2&utm_source=Application%3A+Company+ETL+%28ID%3A+295560%29,"Politics, SaaS",,Product Hunt,True,
Nefsera,https://www.producthunt.com/r/PHARTABFKHOEHO?utm_campaign=producthunt-api&utm_medium=api-v2&utm_source=Application%3A+Company+ETL+%28ID%3A+295560%29,"Android, Productivity, Lifestyle, Health",,Product Hunt,True,
Giga,https://www.producthunt.com/r/PP36W3CAKE4YEM?utm_campaign=producthunt-api&utm_medium=api-v2&utm_source=Application%3A+Company+ETL+%28ID%3A+295560%29,"Productivity, Artificial Intelligence",,Product Hunt,True,
Bob the Miner,https://www.producthunt.com/r/OXOWCZCQSK4X3X?utm_campaign=producthunt-api&utm_medium=api-v2&utm_source=Application%3A+Company+ETL+%28ID%3A+295560%29,"Puzzle Games, Free Games, Games",,Product Hunt,True,
Pit Stop — Good stops. Great trips.,https://www.producthunt.com/r/72ZAFCCNMO56F2?utm_campaign=producthunt-api&utm_medium=api-v2&utm_source=Application%3A+Company+ETL+%28ID%3A+295560%29,"Cars, Travel, Maps",,Product Hunt,True,
"Don't Build Products, Resell AI Tokens",https://www.producthunt.com/r/3EERZ7HEPSXU7S?utm_campaign=producthunt-api&utm_medium=api-v2&utm_source=Application%3A+Company+ETL+%28ID%3A+295560%29,"API, Developer Tools, Artificial Intelligence, GitHub",,Product Hunt,True,
AMZScout MCP with Real Amazon Data,https://www.producthunt.com/r/EKQJJ6JFWWKTEU?utm_campaign=producthunt-api&utm_medium=api-v2&utm_source=Application%3A+Company+ETL+%28ID%3A+295560%29,"Amazon, API, Developer Tools, GitHub",,Product Hunt,True,
SweepSonar,https://www.producthunt.com/r/APPS64IOH56UM7?utm_campaign=producthunt-api&utm_medium=api-v2&utm_source=Application%3A+Company+ETL+%28ID%3A+295560%29,"Marketing, SEO, Artificial Intelligence",,Product Hunt,True,
CoSpatial3d ,https://www.producthunt.com/r/JP4WA5F35MFPJJ?utm_campaign=producthunt-api&utm_medium=api-v2&utm_source=Application%3A+Company+ETL+%28ID%3A+295560%29,"Design Tools, User Experience, Development",,Product Hunt,True,
Neighborhood Task Marketplace,https://www.producthunt.com/r/LTJW3NCD3OXMUT?utm_campaign=producthunt-api&utm_medium=api-v2&utm_source=Application%3A+Company+ETL+%28ID%3A+295560%29,"Android, iOS, Fintech, Shopping",,Product Hunt,True,
Midi Skirt Gum Leaf - hipomarket.shop,https://www.producthunt.com/r/GO2QTCGS6YY3E2?utm_campaign=producthunt-api&utm_medium=api-v2&utm_source=Application%3A+Company+ETL+%28ID%3A+295560%29,"Fashion, Clothing",,Product Hunt,True,
The Tony Protocol ,https://www.producthunt.com/r/52UBJ6DLF5GXN4?utm_campaign=producthunt-api&utm_medium=api-v2&utm_source=Application%3A+Company+ETL+%28ID%3A+295560%29,"Funny, Developer Tools, Artificial Intelligence, GitHub",,Product Hunt,True,
AMOZUnique Tools Hub,https://www.producthunt.com/r/U5CDACQZEYJI2S?utm_campaign=producthunt-api&utm_medium=api-v2&utm_source=Application%3A+Company+ETL+%28ID%3A+295560%29,"Web App, Productivity, Developer Tools",,Product Hunt,True,
Wobbly Pebble,https://www.producthunt.com/r/W5QL3VFFFENOYB?utm_campaign=producthunt-api&utm_medium=api-v2&utm_source=Application%3A+Company+ETL+%28ID%3A+295560%29,"Design Tools, 3D Printer, Digital Art",,Product Hunt,True,
Background Check Company - Intelifi,https://www.producthunt.com/r/RUSM46S577KLXQ?utm_campaign=producthunt-api&utm_medium=api-v2&utm_source=Application%3A+Company+ETL+%28ID%3A+295560%29,"Marketing, Software Engineering, Business",,Product Hunt,True,
Dealer Blogs,https://www.producthunt.com/r/CLLIKRPJFNYF4C?utm_campaign=producthunt-api&utm_medium=api-v2&utm_source=Application%3A+Company+ETL+%28ID%3A+295560%29,"SEO, Artificial Intelligence, Marketing automation",,Product Hunt,True,
DevTools by Hakeemify,https://www.producthunt.com/r/GB5UKDTNRPBMOM?utm_campaign=producthunt-api&utm_medium=api-v2&utm_source=Application%3A+Company+ETL+%28ID%3A+295560%29,"Productivity, SaaS, Developer Tools",,Product Hunt,True,
MemoryBridgeAI v2.0,https://www.producthunt.com/r/U3CSNZN247NYZN?utm_campaign=producthunt-api&utm_medium=api-v2&utm_source=Application%3A+Company+ETL+%28ID%3A+295560%29,"Productivity, Developer Tools, Artificial Intelligence",,Product Hunt,True,
Widgets On Top (Mac-Only),https://www.producthunt.com/r/6U7TBG6LAHW5QO?utm_campaign=producthunt-api&utm_medium=api-v2&utm_source=Application%3A+Company+ETL+%28ID%3A+295560%29,"Mac, Productivity, Menu Bar Apps",,Product Hunt,True,
SpiteCash,https://www.producthunt.com/r/ZWYZ2U2DP237Y6?utm_campaign=producthunt-api&utm_medium=api-v2&utm_source=Application%3A+Company+ETL+%28ID%3A+295560%29,"Productivity, Fintech, Finance",,Product Hunt,True,
Reembr,https://www.producthunt.com/r/XM7ZZE2HKOVB2V?utm_campaign=producthunt-api&utm_medium=api-v2&utm_source=Application%3A+Company+ETL+%28ID%3A+295560%29,"Productivity, Travel, Lifestyle",,Product Hunt,True,
Video Gen Now,https://www.producthunt.com/r/EQJFTPPR4HWFRL?utm_campaign=producthunt-api&utm_medium=api-v2&utm_source=Application%3A+Company+ETL+%28ID%3A+295560%29,"Design Tools, Artificial Intelligence, Video",,Product Hunt,True,
AMZScout MCP with Real Amazon Data,https://www.producthunt.com/r/EKQJJ6JFWWKTEU?utm_campaign=producthunt-api&utm_medium=api-v2&utm_source=Application%3A+Company+ETL+%28ID%3A+295560%29,"Amazon, API, Developer Tools, GitHub",,Product Hunt,True,
Pit Stop — Good stops. Great trips.,https://www.producthunt.com/r/72ZAFCCNMO56F2?utm_campaign=producthunt-api&utm_medium=api-v2&utm_source=Application%3A+Company+ETL+%28ID%3A+295560%29,"Cars, Travel, Maps",,Product Hunt,True,
SpiteCash,https://www.producthunt.com/r/ZWYZ2U2DP237Y6?utm_campaign=producthunt-api&utm_medium=api-v2&utm_source=Application%3A+Company+ETL+%28ID%3A+295560%29,"Productivity, Fintech, Finance",,Product Hunt,True,
Reembr,https://www.producthunt.com/r/XM7ZZE2HKOVB2V?utm_campaign=producthunt-api&utm_medium=api-v2&utm_source=Application%3A+Company+ETL+%28ID%3A+295560%29,"Productivity, Travel, Lifestyle",,Product Hunt,True,
AllMCPs,https://www.producthunt.com/r/XDNNDAEDD5C4JD?utm_campaign=producthunt-api&utm_medium=api-v2&utm_source=Application%3A+Company+ETL+%28ID%3A+295560%29,"API, Developer Tools, Artificial Intelligence, GitHub",,Product Hunt,True,
Cabcher,https://www.producthunt.com/r/T46TO25LTDVRR6?utm_campaign=producthunt-api&utm_medium=api-v2&utm_source=Application%3A+Company+ETL+%28ID%3A+295560%29,"Android, SaaS, Transportation",,Product Hunt,True,
BlockArtLab,https://www.producthunt.com/r/UBBEIRLQU5KR26?utm_campaign=producthunt-api&utm_medium=api-v2&utm_source=Application%3A+Company+ETL+%28ID%3A+295560%29,"Design Tools, Art, Games",,Product Hunt,True,
Aridelle,https://www.producthunt.com/r/EZLBHC4DXYQ7XB?utm_campaign=producthunt-api&utm_medium=api-v2&utm_source=Application%3A+Company+ETL+%28ID%3A+295560%29,"Productivity, Privacy, Legal",,Product Hunt,True,
MemoryBridgeAI v2.0,https://www.producthunt.com/r/U3CSNZN247NYZN?utm_campaign=producthunt-api&utm_medium=api-v2&utm_source=Application%3A+Company+ETL+%28ID%3A+295560%29,"Productivity, Developer Tools, Artificial Intelligence",,Product Hunt,True,
Focaltrix,https://www.producthunt.com/r/RKJRGYCBF5SG3E?utm_campaign=producthunt-api&utm_medium=api-v2&utm_source=Application%3A+Company+ETL+%28ID%3A+295560%29,"Design Tools, Photography, Artificial Intelligence",,Product Hunt,True,
Palworld Breeding Calculator,https://www.producthunt.com/r/W6BDQGHCNSYUE3?utm_campaign=producthunt-api&utm_medium=api-v2&utm_source=Application%3A+Company+ETL+%28ID%3A+295560%29,"User Experience, Games",,Product Hunt,True,
Unsaid,https://www.producthunt.com/r/SNLD44NHEWPQLW?utm_campaign=producthunt-api&utm_medium=api-v2&utm_source=Application%3A+Company+ETL+%28ID%3A+295560%29,"Productivity, Privacy, Health",,Product Hunt,True,
LinkedIn Ads Alerts,https://www.producthunt.com/r/BBNVL6P5M2SNQH?utm_campaign=producthunt-api&utm_medium=api-v2&utm_source=Application%3A+Company+ETL+%28ID%3A+295560%29,"Advertising, LinkedIn, Marketing automation",,Product Hunt,True,
Dealer Blogs,https://www.producthunt.com/r/CLLIKRPJFNYF4C?utm_campaign=producthunt-api&utm_medium=api-v2&utm_source=Application%3A+Company+ETL+%28ID%3A+295560%29,"SEO, Artificial Intelligence, Marketing automation",,Product Hunt,True,
Nefsera,https://www.producthunt.com/r/PHARTABFKHOEHO?utm_campaign=producthunt-api&utm_medium=api-v2&utm_source=Application%3A+Company+ETL+%28ID%3A+295560%29,"Android, Productivity, Lifestyle, Health",,Product Hunt,True,
lgtmxp,https://www.producthunt.com/r/K5KYA4X3U427JC?utm_campaign=producthunt-api&utm_medium=api-v2&utm_source=Application%3A+Company+ETL+%28ID%3A+295560%29,"Education, Developer Tools, Artificial Intelligence",,Product Hunt,True,
Water Systems Bench,https://www.producthunt.com/r/B6OZ7OZGEXEYQQ?utm_campaign=producthunt-api&utm_medium=api-v2&utm_source=Application%3A+Company+ETL+%28ID%3A+295560%29,"Productivity, Education, Software Engineering",,Product Hunt,True,
AI Disclosure Register,https://www.producthunt.com/r/WQYCVRJMQ6G3CL?utm_campaign=producthunt-api&utm_medium=api-v2&utm_source=Application%3A+Company+ETL+%28ID%3A+295560%29,"Marketing, Legal, Artificial Intelligence",,Product Hunt,True,
winksend,https://www.producthunt.com/r/P55OWGF25TIQ6Y?utm_campaign=producthunt-api&utm_medium=api-v2&utm_source=Application%3A+Company+ETL+%28ID%3A+295560%29,"Productivity, Social Media, Marketing",,Product Hunt,True,
Zodiac Weave,https://www.producthunt.com/r/A2JZ6Z55THJP7X?utm_campaign=producthunt-api&utm_medium=api-v2&utm_source=Application%3A+Company+ETL+%28ID%3A+295560%29,"Health & Fitness, Lifestyle, Spirituality",,Product Hunt,True,
Unsaid,https://www.producthunt.com/r/SNLD44NHEWPQLW?utm_campaign=producthunt-api&utm_medium=api-v2&utm_source=Application%3A+Company+ETL+%28ID%3A+295560%29,"Productivity, Privacy, Health",,Product Hunt,True,
SpiteCash,https://www.producthunt.com/r/ZWYZ2U2DP237Y6?utm_campaign=producthunt-api&utm_medium=api-v2&utm_source=Application%3A+Company+ETL+%28ID%3A+295560%29,"Productivity, Fintech, Finance",,Product Hunt,True,
My Sovereign AI,https://www.producthunt.com/r/M56EUUNFR3BYLP?utm_campaign=producthunt-api&utm_medium=api-v2&utm_source=Application%3A+Company+ETL+%28ID%3A+295560%29,"Privacy, Developer Tools, Artificial Intelligence, GitHub",,Product Hunt,True,
BlockArtLab,https://www.producthunt.com/r/UBBEIRLQU5KR26?utm_campaign=producthunt-api&utm_medium=api-v2&utm_source=Application%3A+Company+ETL+%28ID%3A+295560%29,"Design Tools, Art, Games",,Product Hunt,True,
Editly — Text Analysis Suite,https://www.producthunt.com/r/ZZCS6AIQEP4TR4?utm_campaign=producthunt-api&utm_medium=api-v2&utm_source=Application%3A+Company+ETL+%28ID%3A+295560%29,"Productivity, Writing, SEO",,Product Hunt,True,
B2B Allies,https://www.producthunt.com/r/LNH5TSPTUIJ3J3?utm_campaign=producthunt-api&utm_medium=api-v2&utm_source=Application%3A+Company+ETL+%28ID%3A+295560%29,Marketing,,Product Hunt,True,
SEO Arena,https://www.producthunt.com/r/UNQUMVI5FZJRMT?utm_campaign=producthunt-api&utm_medium=api-v2&utm_source=Application%3A+Company+ETL+%28ID%3A+295560%29,"Marketing, SEO, Games",,Product Hunt,True,
Focaltrix,https://www.producthunt.com/r/RKJRGYCBF5SG3E?utm_campaign=producthunt-api&utm_medium=api-v2&utm_source=Application%3A+Company+ETL+%28ID%3A+295560%29,"Design Tools, Photography, Artificial Intelligence",,Product Hunt,True,
Marsad,https://www.producthunt.com/r/4CZYGYBHM2ROCR?utm_campaign=producthunt-api&utm_medium=api-v2&utm_source=Application%3A+Company+ETL+%28ID%3A+295560%29,"Analytics, Privacy, Developer Tools",,Product Hunt,True,
AI Disclosure Register,https://www.producthunt.com/r/WQYCVRJMQ6G3CL?utm_campaign=producthunt-api&utm_medium=api-v2&utm_source=Application%3A+Company+ETL+%28ID%3A+295560%29,"Marketing, Legal, Artificial Intelligence",,Product Hunt,True,
winksend,https://www.producthunt.com/r/P55OWGF25TIQ6Y?utm_campaign=producthunt-api&utm_medium=api-v2&utm_source=Application%3A+Company+ETL+%28ID%3A+295560%29,"Productivity, Social Media, Marketing",,Product Hunt,True,
Matcha,https://www.producthunt.com/r/JBUYXDVWBVRWVX?utm_campaign=producthunt-api&utm_medium=api-v2&utm_source=Application%3A+Company+ETL+%28ID%3A+295560%29,"Hiring, Artificial Intelligence, Career",,Product Hunt,True,
Fursa,https://www.producthunt.com/r/PTAOICSE4GFEAQ?utm_campaign=producthunt-api&utm_medium=api-v2&utm_source=Application%3A+Company+ETL+%28ID%3A+295560%29,"Hiring, Artificial Intelligence, Career",,Product Hunt,True,
App0,https://www.producthunt.com/r/RKSWG5HGRGDVAG?utm_campaign=producthunt-api&utm_medium=api-v2&utm_source=Application%3A+Company+ETL+%28ID%3A+295560%29,"Productivity, SaaS, Developer Tools",,Product Hunt,True,
Vibe Block,https://www.producthunt.com/r/54O5NSY4DR6WOO?utm_campaign=producthunt-api&utm_medium=api-v2&utm_source=Application%3A+Company+ETL+%28ID%3A+295560%29,"Website Builder, Web Design, Vibe coding",,Product Hunt,True,
Fudge Design.md,https://www.producthunt.com/r/IWXSBJKIKVHOQQ?utm_campaign=producthunt-api&utm_medium=api-v2&utm_source=Application%3A+Company+ETL+%28ID%3A+295560%29,"Design Tools, Artificial Intelligence, GitHub, Design resources",,Product Hunt,True,
Librixa,https://www.producthunt.com/r/ODM7WQYI5TFDAN?utm_campaign=producthunt-api&utm_medium=api-v2&utm_source=Application%3A+Company+ETL+%28ID%3A+295560%29,"Android, Productivity, Books",,Product Hunt,True,
My Call Pilot,https://www.producthunt.com/r/7DUN3WHHYAXTU3?utm_campaign=producthunt-api&utm_medium=api-v2&utm_source=Application%3A+Company+ETL+%28ID%3A+295560%29,"Marketing, Artificial Intelligence",,Product Hunt,True,
AI Tattoos,https://www.producthunt.com/r/2WFRQ4YYRWITBG?utm_campaign=producthunt-api&utm_medium=api-v2&utm_source=Application%3A+Company+ETL+%28ID%3A+295560%29,"Android, Art",,Product Hunt,True,
journl day,https://www.producthunt.com/r/QJRDZTI3NKDTDT?utm_campaign=producthunt-api&utm_medium=api-v2&utm_source=Application%3A+Company+ETL+%28ID%3A+295560%29,"Productivity, Fintech, Investing",,Product Hunt,True,
